iter	Logloss
0	0.561289191
1	0.4441513241
2	0.4133789889
3	0.3842779322
4	0.3527845996
5	0.3308678736
6	0.3073921337
7	0.2907692111
8	0.2766504656
9	0.2624513118
